,Unnamed: 0,values,avg_2,avg_3,avg_4,avg_5,avg_6,avg_7,avg_8,avg_9,avg_10,avg_11,avg_12,avg_13,avg_14,avg_15,avg_16,avg_17,avg_18,avg_19,avg_20,avg_21,avg_22,avg_23,avg_24,avg_25,avg_26,avg_27,avg_28,avg_29,avg_30,avg_31,avg_32,avg_33,avg_34,avg_35,avg_36,avg_37,avg_38,avg_39,avg_40,avg_41,avg_42,avg_43,avg_44,avg_45,avg_46,avg_47,avg_48,avg_49,avg_50,avg_51,avg_52,avg_53,avg_54,avg_55,avg_56,avg_57,avg_58,avg_59,avg_60,avg_61,avg_62,avg_63,avg_64,avg_65,avg_66,avg_67,avg_68,avg_69,avg_70,avg_71,avg_72,avg_73,avg_74,avg_75,avg_76,avg_77,avg_78,avg_79,avg_80,avg_81,avg_82,avg_83,avg_84,avg_85,avg_86,avg_87,avg_88,avg_89,avg_90,avg_91,avg_92,avg_93,avg_94,avg_95,avg_96,avg_97,avg_98,avg_99,avg_100,avg_101
0,0,5041,,,,,,,,,,,,,,,,,,,,,,,,,,,,,,,,,,,,,,,,,,,,,,,,,,,,,,,,,,,,,,,,,,,,,,,,,,,,,,,,,,,,,,,,,,,,,,,,,,,,
1,1,8000,6520.5,,,,,,,,,,,,,,,,,,,,,,,,,,,,,,,,,,,,,,,,,,,,,,,,,,,,,,,,,,,,,,,,,,,,,,,,,,,,,,,,,,,,,,,,,,,,,,,,,,,
2,2,3970,5985.0,5670.333333333333,,,,,,,,,,,,,,,,,,,,,,,,,,,,,,,,,,,,,,,,,,,,,,,,,,,,,,,,,,,,,,,,,,,,,,,,,,,,,,,,,,,,,,,,,,,,,,,,,,
3,3,8836,6403.0,6935.333333333333,6461.75,,,,,,,,,,,,,,,,,,,,,,,,,,,,,,,,,,,,,,,,,,,,,,,,,,,,,,,,,,,,,,,,,,,,,,,,,,,,,,,,,,,,,,,,,,,,,,,,,
4,4,3782,6309.0,5529.333333333333,6147.0,5925.8,,,,,,,,,,,,,,,,,,,,,,,,,,,,,,,,,,,,,,,,,,,,,,,,,,,,,,,,,,,,,,,,,,,,,,,,,,,,,,,,,,,,,,,,,,,,,,,,
5,5,4961,4371.5,5859.666666666667,5387.25,5909.8,5765.0,,,,,,,,,,,,,,,,,,,,,,,,,,,,,,,,,,,,,,,,,,,,,,,,,,,,,,,,,,,,,,,,,,,,,,,,,,,,,,,,,,,,,,,,,,,,,,,
6,6,7425,6193.0,5389.333333333333,6251.0,5794.8,6162.333333333333,6002.142857142857,,,,,,,,,,,,,,,,,,,,,,,,,,,,,,,,,,,,,,,,,,,,,,,,,,,,,,,,,,,,,,,,,,,,,,,,,,,,,,,,,,,,,,,,,,,,,,
7,7,9911,8668.0,7432.333333333333,6519.75,6983.0,6480.833333333333,6697.857142857143,6490.75,,,,,,,,,,,,,,,,,,,,,,,,,,,,,,,,,,,,,,,,,,,,,,,,,,,,,,,,,,,,,,,,,,,,,,,,,,,,,,,,,,,,,,,,,,,,,
8,8,5874,7892.5,7736.666666666667,7042.75,6390.6,6798.166666666667,6394.142857142857,6594.875,6422.222222222223,,,,,,,,,,,,,,,,,,,,,,,,,,,,,,,,,,,,,,,,,,,,,,,,,,,,,,,,,,,,,,,,,,,,,,,,,,,,,,,,,,,,,,,,,,,,
9,9,6132,6003.0,7305.666666666667,7335.5,6860.6,6347.5,6703.0,6361.375,6543.444444444444,6393.2,,,,,,,,,,,,,,,,,,,,,,,,,,,,,,,,,,,,,,,,,,,,,,,,,,,,,,,,,,,,,,,,,,,,,,,,,,,,,,,,,,,,,,,,,,,
10,10,6338,6235.0,6114.666666666667,7063.75,7136.0,6773.5,6346.142857142857,6657.375,6358.777777777777,6522.9,6388.181818181818,,,,,,,,,,,,,,,,,,,,,,,,,,,,,,,,,,,,,,,,,,,,,,,,,,,,,,,,,,,,,,,,,,,,,,,,,,,,,,,,,,,,,,,,,,
11,11,6061,6199.5,6177.0,6101.25,6863.2,6956.833333333333,6671.714285714285,6310.5,6591.111111111111,6329.0,6480.909090909091,6360.916666666667,,,,,,,,,,,,,,,,,,,,,,,,,,,,,,,,,,,,,,,,,,,,,,,,,,,,,,,,,,,,,,,,,,,,,,,,,,,,,,,,,,,,,,,,,
12,12,8904,7482.5,7101.0,6858.75,6661.8,7203.333333333333,7235.0,6950.75,6598.666666666667,6822.4,6563.090909090909,6682.833333333333,6556.538461538462,,,,,,,,,,,,,,,,,,,,,,,,,,,,,,,,,,,,,,,,,,,,,,,,,,,,,,,,,,,,,,,,,,,,,,,,,,,,,,,,,,,,,,,,
13,13,8446,8675.0,7803.666666666667,7437.25,7176.2,6959.166666666667,7380.857142857143,7386.375,7116.888888888889,6783.4,6970.0,6720.0,6818.461538461538,6691.5,,,,,,,,,,,,,,,,,,,,,,,,,,,,,,,,,,,,,,,,,,,,,,,,,,,,,,,,,,,,,,,,,,,,,,,,,,,,,,,,,,,,,,,
14,14,9445,8945.5,8931.666666666666,8214.0,7838.8,7554.333333333333,7314.285714285715,7638.875,7615.111111111111,7349.7,7025.363636363636,7176.25,6929.615384615385,7006.071428571428,6875.066666666667,,,,,,,,,,,,,,,,,,,,,,,,,,,,,,,,,,,,,,,,,,,,,,,,,,,,,,,,,,,,,,,,,,,,,,,,,,,,,,,,,,,,,,
15,15,7842,8643.5,8577.666666666666,8659.25,8139.6,7839.333333333333,7595.428571428572,7380.25,7661.444444444444,7637.8,7394.454545454545,7093.416666666667,7227.461538461538,6994.785714285715,7061.8,6935.5,,,,,,,,,,,,,,,,,,,,,,,,,,,,,,,,,,,,,,,,,,,,,,,,,,,,,,,,,,,,,,,,,,,,,,,,,,,,,,,,,,,,,
16,16,2015,4928.5,6434.0,6937.0,7330.4,7118.833333333333,7007.285714285715,6897.875,6784.111111111111,7096.8,7126.636363636364,6946.166666666667,6702.7692307692305,6855.142857142857,6662.8,6746.375,6646.058823529412,,,,,,,,,,,,,,,,,,,,,,,,,,,,,,,,,,,,,,,,,,,,,,,,,,,,,,,,,,,,,,,,,,,,,,,,,,,,,,,,,,,,
17,17,5699,3857.0,5185.333333333333,6250.25,6689.4,7058.5,6916.0,6843.75,6764.666666666667,6675.6,6969.727272727273,7007.666666666667,6850.2307692307695,6631.071428571428,6778.066666666667,6602.5625,6684.764705882353,6593.444444444444,,,,,,,,,,,,,,,,,,,,,,,,,,,,,,,,,,,,,,,,,,,,,,,,,,,,,,,,,,,,,,,,,,,,,,,,,,,,,,,,,,,
18,18,9189,7444.0,5634.333333333333,6186.25,6838.0,7106.0,7362.857142857143,7200.125,7104.333333333333,7007.1,6904.090909090909,7154.666666666667,7175.461538461538,7017.285714285715,6801.6,6928.75,6754.705882352941,6823.888888888889,6730.0526315789475,,,,,,,,,,,,,,,,,,,,,,,,,,,,,,,,,,,,,,,,,,,,,,,,,,,,,,,,,,,,,,,,,,,,,,,,,,,,,,,,,,
19,19,8890,9039.5,7926.0,6448.25,6727.0,7180.0,7360.857142857143,7553.75,7387.888888888889,7282.9,7178.272727272727,7069.583333333333,7288.153846153846,7297.928571428572,7142.133333333333,6932.125,7044.117647058823,6873.333333333333,6932.631578947368,6838.05,,,,,,,,,,,,,,,,,,,,,,,,,,,,,,,,,,,,,,,,,,,,,,,,,,,,,,,,,,,,,,,,,,,,,,,,,,,,,,,,,
20,20,3130,6010.0,7069.666666666667,6727.0,5784.6,6127.5,6601.428571428572,6832.0,7062.222222222223,6962.1,6905.363636363636,6840.916666666667,6766.538461538462,6991.142857142857,7020.066666666667,6891.375,6708.470588235294,6826.666666666667,6676.315789473684,6742.5,6661.476190476191,,,,,,,,,,,,,,,,,,,,,,,,,,,,,,,,,,,,,,,,,,,,,,,,,,,,,,,,,,,,,,,,,,,,,,,,,,,,,,,,
21,21,9356,6243.0,7125.333333333333,7641.25,7252.8,6379.833333333333,6588.714285714285,6945.75,7112.444444444444,7291.6,7179.727272727273,7109.583333333333,7034.384615384615,6951.5,7148.8,7166.0625,7036.35294117647,6855.555555555556,6959.789473684211,6810.3,6866.952380952381,6783.954545454545,,,,,,,,,,,,,,,,,,,,,,,,,,,,,,,,,,,,,,,,,,,,,,,,,,,,,,,,,,,,,,,,,,,,,,,,,,,,,,,
22,22,4496,6926.0,5660.666666666667,6468.0,7012.2,6793.333333333333,6110.714285714285,6327.125,6673.555555555556,6850.8,7037.454545454545,6956.083333333333,6908.538461538462,6853.071428571428,6787.8,6983.0,7009.0,6895.222222222223,6731.368421052632,6836.6,6700.0952380952385,6759.181818181818,6684.478260869565,,,,,,,,,,,,,,,,,,,,,,,,,,,,,,,,,,,,,,,,,,,,,,,,,,,,,,,,,,,,,,,,,,,,,,,,,,,,,,
23,23,5411,4953.5,6421.0,5598.25,6256.6,6745.333333333333,6595.857142857143,6023.25,6225.333333333333,6547.3,6719.909090909091,6901.916666666667,6837.2307692307695,6801.571428571428,6756.933333333333,6701.75,6890.529411764706,6920.222222222223,6817.105263157895,6665.35,6768.714285714285,6641.5,6700.565217391304,6631.416666666667,,,,,,,,,,,,,,,,,,,,,,,,,,,,,,,,,,,,,,,,,,,,,,,,,,,,,,,,,,,,,,,,,,,,,,,,,,,,,
24,24,3117,4264.0,4341.333333333333,5595.0,5102.0,5733.333333333333,6227.0,6161.0,5700.333333333333,5914.5,6235.454545454545,6419.666666666667,6610.7692307692305,6571.5,6555.933333333333,6529.4375,6490.882352941177,6680.888888888889,6720.0526315789475,6632.1,6496.380952380952,6602.727272727273,6488.260869565217,6551.25,6490.84,,,,,,,,,,,,,,,,,,,,,,,,,,,,,,,,,,,,,,,,,,,,,,,,,,,,,,,,,,,,,,,,,,,,,,,,,,,,
25,25,4220,3668.5,4249.333333333333,4311.0,5320.0,4955.0,5517.142857142857,5976.125,5945.333333333333,5552.3,5760.454545454545,6067.5,6250.461538461538,6440.0,6414.733333333334,6409.9375,6393.588235294118,6364.722222222223,6551.368421052632,6595.05,6517.238095238095,6392.909090909091,6499.130434782609,6393.75,6458.0,6403.5,,,,,,,,,,,,,,,,,,,,,,,,,,,,,,,,,,,,,,,,,,,,,,,,,,,,,,,,,,,,,,,,,,,,,,,,,,,
26,26,3030,3625.0,3455.6666666666665,3944.5,4054.8,4938.333333333333,4680.0,5206.25,5648.777777777777,5653.8,5323.0,5532.916666666667,5833.846153846154,6020.428571428572,6212.666666666667,6203.1875,6211.117647058823,6206.722222222223,6189.210526315789,6375.3,6425.285714285715,6358.727272727273,6246.695652173913,6354.583333333333,6259.2,6326.153846153846,6278.555555555556,,,,,,,,,,,,,,,,,,,,,,,,,,,,,,,,,,,,,,,,,,,,,,,,,,,,,,,,,,,,,,,,,,,,,,,,,,
27,27,3364,3197.0,3538.0,3432.75,3828.4,3939.6666666666665,4713.428571428572,4515.5,5001.555555555556,5420.3,5445.636363636364,5159.75,5366.076923076923,5657.428571428572,5843.333333333333,6034.625,6036.176470588235,6052.944444444444,6057.105263157895,6047.95,6231.9047619047615,6286.136363636364,6228.521739130435,6126.583333333333,6234.96,6147.846153846154,6216.444444444444,6174.464285714285,,,,,,,,,,,,,,,,,,,,,,,,,,,,,,,,,,,,,,,,,,,,,,,,,,,,,,,,,,,,,,,,,,,,,,,,,
28,28,1002,2183.0,2465.3333333333335,2904.0,2946.6,3357.3333333333335,3520.0,4249.5,4125.111111111111,4601.6,5018.636363636364,5075.333333333333,4839.923076923077,5054.357142857143,5347.066666666667,5540.75,5738.588235294118,5756.5,5787.105263157895,5804.35,5807.666666666667,5994.181818181818,6056.391304347826,6010.75,5921.6,6033.692307692308,5957.259259259259,6030.214285714285,5996.103448275862,,,,,,,,,,,,,,,,,,,,,,,,,,,,,,,,,,,,,,,,,,,,,,,,,,,,,,,,,,,,,,,,,,,,,,,,
29,29,5141,3071.5,3169.0,3134.25,3351.4,3312.3333333333335,3612.1428571428573,3722.625,4348.555555555556,4226.7,4650.636363636364,5028.833333333333,5080.384615384615,4861.428571428572,5060.133333333333,5334.1875,5517.235294117647,5705.388888888889,5724.105263157895,5754.8,5772.761904761905,5777.363636363636,5957.086956521739,6018.25,5975.96,5891.576923076923,6000.62962962963,5928.107142857143,5999.551724137931,5967.6,,,,,,,,,,,,,,,,,,,,,,,,,,,,,,,,,,,,,,,,,,,,,,,,,,,,,,,,,,,,,,,,,,,,,,,
30,30,8658,6899.5,4933.666666666667,4541.25,4239.0,4235.833333333333,4076.0,4242.875,4271.0,4779.5,4629.545454545455,4984.583333333333,5308.0,5335.928571428572,5114.533333333334,5285.0,5529.705882352941,5691.722222222223,5860.789473684211,5870.8,5893.047619047619,5903.909090909091,5902.608695652174,6069.625,6123.84,6079.115384615385,5994.037037037037,6095.535714285715,6022.241379310345,6088.166666666667,6054.387096774193,,,,,,,,,,,,,,,,,,,,,,,,,,,,,,,,,,,,,,,,,,,,,,,,,,,,,,,,,,,,,,,,,,,,,,
31,31,7908,8283.0,7235.666666666667,5677.25,5214.6,4850.5,4760.428571428572,4555.0,4650.111111111111,4634.7,5063.909090909091,4902.75,5209.461538461538,5493.714285714285,5507.4,5289.125,5439.294117647059,5661.833333333333,5808.368421052632,5963.15,5967.809523809524,5984.636363636364,5991.04347826087,5986.166666666667,6143.16,6192.461538461538,6146.851851851852,6062.392857142857,6158.0344827586205,6085.1,6146.870967741936,6112.3125,,,,,,,,,,,,,,,,,,,,,,,,,,,,,,,,,,,,,,,,,,,,,,,,,,,,,,,,,,,,,,,,,,,,,
32,32,2589,5248.5,6385.0,6074.0,5059.6,4777.0,4527.428571428572,4489.0,4336.555555555556,4444.0,4448.727272727273,4857.666666666667,4724.7692307692305,5022.285714285715,5300.066666666667,5325.0,5130.294117647059,5280.944444444444,5500.105263157895,5647.4,5802.476190476191,5814.227272727273,5837.0,5849.291666666667,5850.28,6006.461538461538,6059.0,6019.785714285715,5942.620689655172,6039.066666666667,5972.322580645161,6035.6875,6005.545454545455,,,,,,,,,,,,,,,,,,,,,,,,,,,,,,,,,,,,,,,,,,,,,,,,,,,,,,,,,,,,,,,,,,,,
33,33,6497,4543.0,5664.666666666667,6413.0,6158.6,5299.166666666667,5022.714285714285,4773.625,4712.111111111111,4552.6,4630.636363636364,4619.416666666667,4983.7692307692305,4851.357142857143,5120.6,5374.875,5393.941176470588,5206.222222222223,5344.9473684210525,5549.95,5687.857142857143,5834.045454545455,5843.913043478261,5864.5,5875.2,5875.153846153846,6024.62962962963,6074.642857142857,6036.241379310345,5961.1,6053.8387096774195,5988.71875,6049.666666666667,6020.0,,,,,,,,,,,,,,,,,,,,,,,,,,,,,,,,,,,,,,,,,,,,,,,,,,,,,,,,,,,,,,,,,,,
34,34,6399,6448.0,5161.666666666667,5848.25,6410.2,6198.666666666667,5456.285714285715,5194.75,4954.222222222223,4880.8,4720.454545454545,4778.0,4756.307692307692,5084.857142857143,4954.533333333334,5200.5,5435.117647058823,5449.777777777777,5269.0,5397.65,5590.380952380952,5720.181818181818,5858.608695652174,5867.041666666667,5885.88,5895.346153846154,5894.555555555556,6038.0,6085.827586206897,6048.333333333333,5975.225806451613,6064.625,6001.151515151515,6059.941176470588,6030.828571428571,,,,,,,,,,,,,,,,,,,,,,,,,,,,,,,,,,,,,,,,,,,,,,,,,,,,,,,,,,,,,,,,,,
35,35,5212,5805.5,6036.0,5174.25,5721.0,6210.5,6057.714285714285,5425.75,5196.666666666667,4980.0,4910.909090909091,4761.416666666667,4811.384615384615,4788.857142857143,5093.333333333333,4970.625,5201.176470588235,5422.722222222223,5437.263157894737,5266.15,5388.809523809524,5573.181818181818,5698.086956521739,5831.666666666667,5840.84,5859.961538461538,5870.037037037037,5870.178571428572,6009.517241379311,6056.7,6021.354838709677,5951.375,6038.787878787879,5977.941176470588,6035.714285714285,6008.083333333333,,,,,,,,,,,,,,,,,,,,,,,,,,,,,,,,,,,,,,,,,,,,,,,,,,,,,,,,,,,,,,,,,
36,36,5802,5507.0,5804.333333333333,5977.5,5299.8,5734.5,6152.142857142857,6025.75,5467.555555555556,5257.2,5054.727272727273,4985.166666666667,4841.461538461538,4882.142857142857,4856.4,5137.625,5019.529411764706,5234.555555555556,5442.684210526316,5455.5,5291.666666666667,5407.590909090909,5583.130434782609,5702.416666666667,5830.48,5839.346153846154,5857.814814814815,5867.607142857143,5867.827586206897,6002.6,6048.4838709677415,6014.5,5946.848484848485,6031.823529411765,5972.914285714286,6029.222222222223,6002.513513513513,,,,,,,,,,,,,,,,,,,,,,,,,,,,,,,,,,,,,,,,,,,,,,,,,,,,,,,,,,,,,,,,
37,37,1882,3842.0,4298.666666666667,4823.75,5158.4,4730.166666666667,5184.142857142857,5618.375,5565.333333333333,5109.0,4950.363636363636,4790.333333333333,4746.461538461538,4630.071428571428,4682.133333333333,4670.5,4946.117647058823,4845.222222222223,5058.105263157895,5264.65,5285.333333333333,5136.681818181818,5254.304347826087,5428.916666666667,5549.6,5678.615384615385,5692.777777777777,5715.821428571428,5730.172413793103,5734.966666666666,5869.677419354839,5918.28125,5889.272727272727,5827.294117647059,5913.257142857143,5859.277777777777,5917.135135135135,5894.078947368421,,,,,,,,,,,,,,,,,,,,,,,,,,,,,,,,,,,,,,,,,,,,,,,,,,,,,,,,,,,,,,,
38,38,8940,5411.0,5541.333333333333,5459.0,5647.0,5788.666666666667,5331.571428571428,5653.625,5987.444444444444,5902.8,5457.272727272727,5282.833333333333,5109.538461538462,5046.0,4917.4,4948.25,4921.64705882353,5168.0,5060.736842105263,5252.2,5439.666666666667,5451.454545454545,5302.04347826087,5407.875,5569.36,5680.0,5799.407407407408,5808.75,5827.0,5837.166666666667,5838.354838709677,5965.625,6009.848484848485,5979.0,5916.228571428572,5997.333333333333,5942.540540540541,5996.684210526316,5972.179487179487,,,,,,,,,,,,,,,,,,,,,,,,,,,,,,,,,,,,,,,,,,,,,,,,,,,,,,,,,,,,,,
39,39,3459,6199.5,4760.333333333333,5020.75,5059.0,5282.333333333333,5455.857142857143,5097.5,5409.777777777777,5734.6,5680.636363636364,5290.75,5142.538461538462,4991.642857142857,4940.2,4826.25,4860.64705882353,4840.388888888889,5078.0526315789475,4980.65,5166.809523809524,5349.636363636364,5364.826086956522,5225.25,5329.92,5488.192307692308,5597.740740740741,5715.821428571428,5727.724137931034,5748.066666666667,5760.451612903225,5764.0,5889.666666666667,5934.823529411765,5907.0,5847.972222222223,5928.72972972973,5877.184210526316,5931.615384615385,5909.35,,,,,,,,,,,,,,,,,,,,,,,,,,,,,,,,,,,,,,,,,,,,,,,,,,,,,,,,,,,,,
40,40,2539,2999.0,4979.333333333333,4205.0,4524.4,4639.0,4890.428571428572,5091.25,4813.222222222223,5122.7,5444.090909090909,5418.833333333333,5079.076923076923,4956.571428571428,4828.133333333333,4790.125,4691.705882352941,4731.666666666667,4719.263157894737,4951.1,4864.380952380952,5047.363636363636,5227.434782608696,5247.083333333333,5117.8,5222.576923076923,5378.962962962963,5488.5,5606.275862068966,5621.433333333333,5644.548387096775,5659.78125,5666.272727272727,5791.117647058823,5837.8,5813.444444444444,5758.540540540541,5839.526315789473,5791.589743589743,5846.8,5827.1463414634145,,,,,,,,,,,,,,,,,,,,,,,,,,,,,,,,,,,,,,,,,,,,,,,,,,,,,,,,,,,,
41,41,6229,4384.0,4075.6666666666665,5291.75,4609.8,4808.5,4866.142857142857,5057.75,5217.666666666667,4954.8,5223.272727272727,5509.5,5481.153846153846,5161.214285714285,5041.4,4915.6875,4874.764705882353,4777.111111111111,4810.473684210527,4794.75,5011.952380952381,4926.409090909091,5098.739130434783,5269.166666666667,5286.36,5160.538461538462,5259.851851851852,5409.321428571428,5514.0344827586205,5627.033333333334,5641.032258064516,5662.8125,5677.030303030303,5682.823529411765,5803.628571428571,5848.666666666667,5824.675675675676,5770.921052631579,5849.51282051282,5802.525,5856.121951219512,5836.714285714285,,,,,,,,,,,,,,,,,,,,,,,,,,,,,,,,,,,,,,,,,,,,,,,,,,,,,,,,,,,
42,42,6183,6206.0,4983.666666666667,4602.5,5470.0,4872.0,5004.857142857143,5030.75,5182.777777777777,5314.2,5066.454545454545,5303.25,5561.307692307692,5531.285714285715,5229.333333333333,5112.75,4990.235294117647,4947.444444444444,4851.105263157895,4879.1,4860.857142857143,5065.181818181818,4981.04347826087,5143.916666666667,5305.72,5320.846153846154,5198.407407407408,5292.821428571428,5436.0,5536.333333333333,5644.967741935484,5657.96875,5678.575757575758,5691.911764705882,5697.114285714286,5814.166666666667,5857.7027027027025,5834.105263157895,5781.48717948718,5857.85,5811.804878048781,5863.9047619047615,5844.767441860465,,,,,,,,,,,,,,,,,,,,,,,,,,,,,,,,,,,,,,,,,,,,,,,,,,,,,,,,,,
43,43,5344,5763.5,5918.666666666667,5073.75,4750.8,5449.0,4939.428571428572,5047.25,5065.555555555556,5198.9,5316.909090909091,5089.583333333333,5306.384615384615,5545.785714285715,5518.8,5236.5,5126.35294117647,5009.888888888889,4968.315789473684,4875.75,4901.238095238095,4882.818181818182,5077.304347826087,4996.166666666667,5151.92,5307.192307692308,5321.7037037037035,5203.607142857143,5294.586206896552,5432.933333333333,5530.129032258064,5635.5625,5648.454545454545,5668.735294117647,5681.971428571429,5687.305555555556,5801.459459459459,5844.184210526316,5821.538461538462,5770.55,5845.317073170731,5800.666666666667,5851.813953488372,5833.386363636364,,,,,,,,,,,,,,,,,,,,,,,,,,,,,,,,,,,,,,,,,,,,,,,,,,,,,,,,,
44,44,6575,5959.5,6034.0,6082.75,5374.0,5054.833333333333,5609.857142857143,5143.875,5217.0,5216.5,5324.0,5421.75,5203.846153846154,5397.0,5614.4,5584.8125,5315.235294117647,5206.833333333333,5092.263157894737,5048.65,4956.666666666667,4977.318181818182,4956.391304347826,5139.708333333333,5059.32,5206.653846153846,5354.148148148148,5366.464285714285,5250.896551724138,5337.266666666666,5469.774193548387,5562.78125,5664.030303030303,5675.705882352941,5694.628571428571,5706.777777777777,5711.2972972972975,5821.815789473684,5862.923076923077,5840.375,5790.170731707317,5862.690476190476,5818.674418604651,5868.25,5849.866666666667,,,,,,,,,,,,,,,,,,,,,,,,,,,,,,,,,,,,,,,,,,,,,,,,,,,,,,,,
45,45,3534,5054.5,5151.0,5409.0,5573.0,5067.333333333333,4837.571428571428,5350.375,4965.0,5048.7,5063.545454545455,5174.833333333333,5276.538461538462,5084.571428571428,5272.8,5484.375,5464.176470588235,5216.277777777777,5118.789473684211,5014.35,4976.523809523809,4892.0,4914.565217391304,4897.125,5075.48,5000.653846153846,5144.7037037037035,5289.142857142857,5303.275862068966,5193.666666666667,5279.096774193548,5409.28125,5501.30303030303,5601.382352941177,5614.5142857142855,5634.611111111111,5648.054054054054,5654.0,5763.153846153846,5804.7,5784.121951219512,5736.452380952381,5808.53488372093,5766.75,5816.377777777778,5799.521739130435,,,,,,,,,,,,,,,,,,,,,,,,,,,,,,,,,,,,,,,,,,,,,,,,,,,,,,,
46,46,9895,6714.5,6668.0,6337.0,6306.2,6293.333333333333,5757.0,5469.75,5855.333333333333,5458.0,5489.272727272727,5466.166666666667,5537.923076923077,5606.428571428572,5405.266666666666,5561.6875,5743.823529411765,5710.333333333333,5462.526315789473,5357.6,5246.761904761905,5200.090909090909,5109.521739130435,5122.083333333333,5097.04,5260.846153846154,5181.925925925926,5314.357142857143,5447.9655172413795,5456.333333333333,5345.322580645161,5423.34375,5545.212121212121,5630.529411764706,5724.057142857143,5733.416666666667,5749.756756756757,5759.815789473684,5762.74358974359,5866.45,5904.463414634146,5882.0,5833.162790697675,5901.409090909091,5858.488888888889,5905.04347826087,5886.659574468085,,,,,,,,,,,,,,,,,,,,,,,,,,,,,,,,,,,,,,,,,,,,,,,,,,,,,,
47,47,7035,8465.0,6821.333333333333,6759.75,6476.6,6427.666666666667,6399.285714285715,5916.75,5643.666666666667,5973.3,5601.363636363636,5618.083333333333,5586.846153846154,5644.857142857143,5701.666666666667,5507.125,5648.35294117647,5815.555555555556,5780.0526315789475,5541.15,5437.476190476191,5328.045454545455,5279.869565217391,5189.75,5198.6,5171.576923076923,5326.555555555556,5248.107142857143,5373.689655172414,5500.866666666667,5507.258064516129,5398.125,5472.181818181818,5589.029411764706,5670.657142857143,5760.472222222223,5768.594594594595,5783.578947368421,5792.51282051282,5794.55,5894.951219512195,5931.380952380952,5908.813953488372,5860.477272727273,5926.6,5884.065217391304,5929.085106382979,5910.583333333333,,,,,,,,,,,,,,,,,,,,,,,,,,,,,,,,,,,,,,,,,,,,,,,,,,,,,
48,48,9541,8288.0,8823.666666666666,7501.25,7316.0,6987.333333333333,6872.428571428572,6792.0,6319.444444444444,6033.4,6297.636363636364,5929.666666666667,5919.846153846154,5869.285714285715,5904.6,5941.625,5744.411764705882,5864.611111111111,6011.631578947368,5968.1,5731.619047619048,5624.0,5511.217391304348,5457.416666666667,5363.8,5365.615384615385,5333.407407407408,5477.071428571428,5396.137931034483,5512.6,5631.193548387097,5633.3125,5523.666666666667,5591.85294117647,5701.942857142857,5778.166666666667,5862.648648648648,5867.868421052632,5879.923076923077,5886.225,5885.926829268293,5981.761904761905,6015.325581395349,5991.363636363636,5942.266666666666,6005.173913043478,5961.872340425532,6004.333333333333,5984.673469387755,,,,,,,,,,,,,,,,,,,,,,,,,,,,,,,,,,,,,,,,,,,,,,,,,,,,
49,49,7506,8523.5,8027.333333333333,8494.25,7502.2,7347.666666666667,7061.428571428572,6951.625,6871.333333333333,6438.1,6167.272727272727,6398.333333333333,6050.923076923077,6033.142857142857,5978.4,6004.6875,6033.64705882353,5842.277777777777,5951.0,6086.35,6041.333333333333,5812.272727272727,5705.826086956522,5594.333333333333,5539.36,5446.192307692308,5444.888888888889,5411.0,5547.0344827586205,5466.466666666666,5576.903225806452,5689.78125,5690.060606060606,5581.970588235294,5646.542857142857,5752.055555555556,5824.864864864865,5905.894736842105,5909.871794871795,5920.575,5925.731707317073,5924.5,6017.209302325581,6049.204545454545,6025.022222222222,5976.260869565217,6037.106382978724,5994.041666666667,6034.9795918367345,6015.1,,,,,,,,,,,,,,,,,,,,,,,,,,,,,,,,,,,,,,,,,,,,,,,,,,,
50,50,6646,7076.0,7897.666666666667,7682.0,8124.6,7359.5,7247.428571428572,7009.5,6917.666666666667,6848.8,6457.0,6207.166666666667,6417.384615384615,6093.428571428572,6074.0,6020.125,6042.411764705882,6067.666666666667,5884.578947368421,5985.75,6113.0,6068.818181818182,5848.521739130435,5745.0,5636.4,5581.923076923077,5490.62962962963,5487.785714285715,5453.586206896552,5583.666666666667,5504.5161290322585,5610.3125,5718.757575757576,5718.176470588235,5612.371428571429,5674.305555555556,5776.216216216216,5846.473684210527,5924.871794871795,5928.275,5938.268292682927,5942.880952380952,5941.279069767442,6031.5,6062.466666666666,6038.521739130435,5990.510638297872,6049.791666666667,6007.34693877551,6047.2,6027.470588235294,,,,,,,,,,,,,,,,,,,,,,,,,,,,,,,,,,,,,,,,,,,,,,,,,,
51,51,2845,4745.5,5665.666666666667,6634.5,6714.6,7244.666666666667,6714.571428571428,6697.125,6546.777777777777,6510.4,6484.818181818182,6156.0,5948.538461538462,6162.214285714285,5876.866666666667,5872.1875,5833.35294117647,5864.777777777777,5898.0526315789475,5732.6,5836.190476190476,5964.454545454545,5928.652173913043,5723.375,5629.0,5529.038461538462,5480.555555555556,5396.142857142857,5396.6551724137935,5366.633333333333,5495.322580645161,5421.40625,5526.515151515152,5634.235294117647,5636.085714285714,5535.5,5597.8378378378375,5699.078947368421,5769.51282051282,5847.875,5853.073170731707,5864.619047619048,5870.837209302325,5870.909090909091,5960.688888888889,5992.521739130435,5970.574468085107,5924.979166666667,5984.3877551020405,5944.1,5984.411764705882,5966.2692307692305,,,,,,,,,,,,,,,,,,,,,,,,,,,,,,,,,,,,,,,,,,,,,,,,,
52,52,9962,6403.5,6484.333333333333,6739.75,7300.0,7255.833333333333,7632.857142857143,7120.5,7059.888888888889,6888.3,6824.181818181818,6774.583333333333,6448.7692307692305,6235.214285714285,6415.533333333334,6132.1875,6112.764705882353,6062.722222222223,6080.421052631579,6101.25,5934.0,6023.727272727273,6138.260869565217,6096.708333333333,5892.92,5795.653846153846,5693.222222222223,5640.607142857143,5553.586206896552,5548.833333333333,5514.870967741936,5634.90625,5559.0,5656.970588235294,5757.885714285714,5756.25,5655.135135135135,5712.684210526316,5808.384615384615,5874.325,5948.219512195122,5950.9047619047615,5959.906976744186,5963.818181818182,5961.822222222222,6047.673913043478,6076.978723404255,6053.729166666667,6007.367346938776,6063.94,6022.882352941177,6060.903846153846,6041.66037735849,,,,,,,,,,,,,,,,,,,,,,,,,,,,,,,,,,,,,,,,,,,,,,,,
53,53,6895,8428.5,6567.333333333333,6587.0,6770.8,7232.5,7204.285714285715,7540.625,7095.444444444444,7043.4,6888.909090909091,6830.083333333333,6783.846153846154,6480.642857142857,6279.2,6445.5,6177.058823529412,6156.222222222223,6106.526315789473,6121.15,6139.047619047619,5977.681818181818,6061.608695652174,6169.791666666667,6128.64,5931.461538461538,5836.37037037037,5736.142857142857,5683.862068965517,5598.3,5592.258064516129,5558.0,5673.090909090909,5598.294117647059,5692.342857142857,5789.472222222223,5787.027027027027,5687.763157894737,5743.0,5835.55,5899.219512195122,5970.761904761905,5972.860465116279,5981.159090909091,5984.511111111111,5982.108695652174,6065.702127659574,6094.020833333333,6070.897959183673,6025.12,6080.235294117647,6039.653846153846,6076.641509433963,6057.462962962963,,,,,,,,,,,,,,,,,,,,,,,,,,,,,,,,,,,,,,,,,,,,,,,
54,54,3030,4962.5,6629.0,5683.0,5875.6,6147.333333333333,6632.142857142857,6682.5,7039.444444444444,6688.9,6678.545454545455,6567.333333333333,6537.7692307692305,6515.714285714285,6250.6,6076.125,6244.588235294118,6002.222222222223,5991.684210526316,5952.7,5973.952380952381,5997.727272727273,5849.521739130435,5935.291666666667,6044.2,6009.461538461538,5824.0,5736.142857142857,5642.827586206897,5595.4,5515.451612903225,5512.1875,5481.393939393939,5595.35294117647,5524.914285714286,5618.388888888889,5714.891891891892,5714.473684210527,5619.615384615385,5675.175,5767.121951219512,5830.9047619047615,5902.372093023256,5905.977272727273,5915.577777777778,5920.282608695652,5919.297872340426,6002.458333333333,6031.489795918367,6010.08,5966.392156862745,6021.576923076923,5982.867924528302,6020.222222222223,6002.418181818181,,,,,,,,,,,,,,,,,,,,,,,,,,,,,,,,,,,,,,,,,,,,,,
55,55,2729,2879.5,4218.0,5654.0,5092.2,5351.166666666667,5659.0,6144.25,6243.222222222223,6608.4,6328.909090909091,6349.416666666667,6272.076923076923,6265.714285714285,6263.266666666666,6030.5,5879.235294117647,6049.277777777777,5829.9473684210525,5828.55,5799.190476190476,5826.454545454545,5855.608695652174,5719.5,5807.04,5916.692307692308,5887.962962962963,5713.464285714285,5632.448275862069,5545.7,5502.935483870968,5428.375,5427.848484848485,5400.441176470588,5513.457142857143,5447.25,5540.2972972972975,5636.315789473684,5637.923076923077,5547.35,5603.317073170731,5694.785714285715,5758.767441860465,5830.25,5835.377777777778,5846.304347826087,5852.382978723404,5852.833333333333,5935.65306122449,5965.44,5945.745098039216,5904.134615384615,5959.452830188679,5922.611111111111,5960.381818181818,5943.964285714285,,,,,,,,,,,,,,,,,,,,,,,,,,,,,,,,,,,,,,,,,,,,,
56,56,7266,4997.5,4341.666666666667,4980.0,5976.4,5454.5,5624.714285714285,5859.875,6268.888888888889,6345.5,6668.181818181818,6407.0,6419.923076923077,6343.071428571428,6332.4,6325.9375,6103.176470588235,5956.277777777777,6113.315789473684,5901.75,5897.0,5865.863636363636,5889.04347826087,5914.375,5781.36,5863.153846153846,5966.666666666667,5937.178571428572,5767.0,5686.9,5601.193548387097,5558.03125,5484.060606060606,5481.911764705882,5453.742857142857,5562.138888888889,5496.405405405405,5585.710526315789,5678.102564102564,5678.625,5589.268292682927,5642.9047619047615,5731.325581395349,5793.022727272727,5862.155555555555,5866.478260869565,5876.510638297872,5881.833333333333,5881.673469387755,5962.26,5990.941176470588,5971.134615384615,5929.830188679245,5983.648148148148,5947.036363636364,5983.696428571428,5967.1578947368425,,,,,,,,,,,,,,,,,,,,,,,,,,,,,,,,,,,,,,,,,,,,
57,57,7434,7350.0,5809.666666666667,5114.75,5470.8,6219.333333333333,5737.285714285715,5850.875,6034.777777777777,6385.4,6444.454545454545,6732.0,6486.0,6492.357142857143,6415.8,6401.25,6391.117647058823,6177.111111111111,6034.0526315789475,6179.35,5974.714285714285,5966.863636363636,5934.04347826087,5953.416666666667,5975.16,5844.923076923077,5921.333333333333,6019.071428571428,5988.793103448276,5822.566666666667,5743.258064516129,5658.46875,5614.878787878788,5541.411764705882,5537.685714285714,5508.75,5612.72972972973,5547.394736842105,5633.102564102564,5722.0,5721.4390243902435,5633.190476190476,5684.558139534884,5770.022727272727,5829.488888888889,5896.326086956522,5899.829787234043,5908.958333333333,5913.510204081633,5912.72,5991.117647058823,6018.692307692308,5998.735849056604,5957.685185185185,6010.018181818182,5973.589285714285,6009.140350877193,5992.448275862069,,,,,,,,,,,,,,,,,,,,,,,,,,,,,,,,,,,,,,,,,,,
58,58,6896,7165.0,7198.666666666667,6081.25,5471.0,5708.333333333333,6316.0,5882.125,5967.0,6120.9,6431.818181818182,6482.083333333333,6744.615384615385,6515.285714285715,6519.266666666666,6445.8125,6430.35294117647,6419.166666666667,6214.9473684210525,6077.15,6213.476190476191,6016.590909090909,6007.260869565217,5974.125,5991.12,6010.576923076923,5883.851851851852,5956.142857142857,6049.310344827586,6019.033333333334,5857.193548387097,5779.28125,5695.969696969697,5652.558823529412,5580.114285714286,5575.416666666667,5546.243243243243,5646.5,5581.974358974359,5664.675,5750.634146341464,5749.4047619047615,5662.558139534884,5712.090909090909,5795.044444444445,5852.673913043478,5917.595744680851,5920.583333333333,5929.102040816327,5933.16,5932.0,6008.5192307692305,6035.245283018868,6015.351851851852,5974.745454545455,6025.839285714285,5989.771929824561,6024.431034482759,6007.762711864407,,,,,,,,,,,,,,,,,,,,,,,,,,,,,,,,,,,,,,,,,,
59,59,7045,6970.5,7125.0,7160.25,6274.0,5733.333333333333,5899.285714285715,6407.125,6011.333333333333,6074.8,6204.909090909091,6482.916666666667,6525.384615384615,6766.071428571428,6550.6,6552.125,6481.058823529412,6464.5,6452.105263157895,6256.45,6123.238095238095,6251.272727272727,6061.304347826087,6050.5,6016.96,6031.653846153846,6048.888888888889,5925.321428571428,5993.689655172414,6082.5,6052.129032258064,5894.3125,5817.636363636364,5735.64705882353,5692.342857142857,5620.805555555556,5615.135135135135,5585.684210526316,5682.358974358975,5618.55,5698.341463414634,5781.452380952381,5779.53488372093,5693.977272727273,5741.711111111111,5822.217391304348,5878.04255319149,5941.083333333333,5943.530612244898,5951.42,5954.9607843137255,5953.403846153846,6028.075471698113,6053.944444444444,6034.072727272727,5993.857142857143,6043.7192982456145,6007.9655172413795,6041.728813559322,6025.05,,,,,,,,,,,,,,,,,,,,,,,,,,,,,,,,,,,,,,,,,
60,60,5191,6118.0,6377.333333333333,6641.5,6766.4,6093.5,5655.857142857143,5810.75,6272.0,5929.3,5994.454545454545,6120.416666666667,6383.538461538462,6430.071428571428,6661.066666666667,6465.625,6472.058823529412,6409.388888888889,6397.473684210527,6389.05,6205.714285714285,6080.863636363636,6205.173913043478,6025.041666666667,6016.12,5985.192307692308,6000.518518518518,6018.25,5900.0,5966.933333333333,6053.741935483871,6025.21875,5873.0,5799.205882352941,5720.085714285714,5678.416666666667,5609.189189189189,5603.973684210527,5575.5641025641025,5670.075,5608.121951219512,5686.261904761905,5767.720930232558,5766.159090909091,5682.8,5729.739130434783,5808.787234042553,5863.729166666667,5925.775510204082,5928.48,5936.509803921569,5940.2692307692305,5939.018867924528,6012.574074074074,6038.254545454545,6019.017857142857,5979.771929824561,6029.017241379311,5994.118644067797,6027.55,6011.377049180328,,,,,,,,,,,,,,,,,,,,,,,,,,,,,,,,,,,,,,,,
61,61,2324,3757.5,4853.333333333333,5364.0,5778.0,6026.0,5555.0,5239.375,5423.333333333333,5877.2,5601.545454545455,5688.583333333333,5828.384615384615,6093.571428571428,6156.333333333333,6390.0,6222.0,6241.611111111111,6194.368421052632,6193.8,6195.476190476191,6029.272727272727,5917.521739130435,6043.458333333333,5877.0,5874.115384615385,5849.592592592592,5869.214285714285,5890.862068965517,5780.8,5849.419354838709,5937.1875,5913.060606060606,5768.617647058823,5699.914285714286,5625.75,5587.756756756757,5522.736842105263,5519.871794871795,5494.275,5588.463414634146,5529.928571428572,5608.069767441861,5689.454545454545,5689.666666666667,5609.782608695652,5657.276595744681,5736.1875,5791.489795918367,5853.74,5857.803921568628,5867.038461538462,5872.037735849057,5872.074074074074,5945.509090909091,5971.928571428572,5954.19298245614,5916.741379310345,5966.220338983051,5932.95,5966.836065573771,5951.903225806452,,,,,,,,,,,,,,,,,,,,,,,,,,,,,,,,,,,,,,,
62,62,2085,2204.5,3200.0,4161.25,4708.2,5162.5,5463.0,5121.25,4888.888888888889,5089.5,5532.454545454545,5308.5,5411.384615384615,5561.0,5826.333333333333,5901.875,6136.764705882353,5992.166666666667,6022.8421052631575,5988.9,5998.142857142857,6008.636363636364,5857.782608695652,5757.833333333333,5885.12,5731.153846153846,5733.777777777777,5715.142857142857,5738.724137931034,5764.0,5661.580645161291,5731.78125,5820.454545454545,5800.470588235294,5663.371428571429,5599.5,5530.054054054054,5495.578947368421,5434.589743589743,5434.0,5411.121951219512,5505.047619047619,5449.813953488372,5528.0,5609.355555555556,5611.304347826087,5534.787234042553,5582.854166666667,5661.673469387755,5717.36,5779.843137254902,5785.25,5795.679245283019,5801.907407407408,5803.218181818182,5876.571428571428,5903.736842105263,5887.482758620689,5851.796610169492,5901.533333333334,5869.868852459016,5904.225806451613,5890.523809523809,,,,,,,,,,,,,,,,,,,,,,,,,,,,,,,,,,,,,,
63,63,9717,5901.0,4708.666666666667,4829.25,5272.4,5543.0,5813.142857142857,5994.75,5631.888888888889,5371.7,5510.181818181818,5881.166666666667,5647.615384615385,5718.928571428572,5838.066666666667,6069.5,6126.294117647059,6335.666666666667,6188.210526315789,6207.55,6166.428571428572,6167.181818181818,6169.869565217391,6018.583333333333,5916.2,6032.5,5878.777777777777,5876.035714285715,5853.137931034483,5871.333333333333,5891.5161290322585,5788.3125,5852.545454545455,5935.058823529412,5912.371428571429,5775.972222222223,5710.783783783784,5640.236842105263,5603.820512820513,5541.65,5538.463414634146,5513.642857142857,5603.0,5546.795454545455,5621.0888888888885,5698.652173913043,5698.659574468085,5621.916666666667,5667.224489795918,5742.78,5795.78431372549,5855.557692307692,5859.433962264151,5868.2962962962965,5873.090909090909,5873.107142857143,5943.9473684210525,5969.482758620689,5952.389830508475,5916.216666666666,5964.081967213115,5931.919354838709,5964.746031746032,5950.3125,,,,,,,,,,,,,,,,,,,,,,,,,,,,,,,,,,,,,
64,64,4974,7345.5,5592.0,4775.0,4858.2,5222.666666666667,5461.714285714285,5708.25,5881.333333333333,5566.1,5335.545454545455,5465.5,5811.384615384615,5599.5,5669.266666666666,5784.0625,6005.058823529412,6062.277777777777,6264.0,6127.5,6148.809523809524,6112.227272727273,6115.304347826087,6120.041666666667,5976.8,5879.961538461538,5993.2962962962965,5846.464285714285,5844.931034482759,5823.833333333333,5842.387096774193,5862.84375,5763.636363636364,5826.705882352941,5907.6,5886.305555555556,5754.2972972972975,5691.394736842105,5623.153846153846,5588.075,5527.804878048781,5525.023809523809,5501.093023255814,5588.704545454545,5534.066666666667,5607.021739130435,5683.234042553191,5683.5625,5608.693877551021,5653.36,5727.705882352941,5779.9807692307695,5838.924528301887,5843.037037037037,5852.036363636364,5857.035714285715,5857.333333333333,5927.224137931034,5952.610169491525,5936.083333333333,5900.770491803279,5948.112903225807,5916.714285714285,5949.265625,5935.292307692308,,,,,,,,,,,,,,,,,,,,,,,,,,,,,,,,,,,,
65,65,8249,6611.5,7646.666666666667,6256.25,5469.8,5423.333333333333,5655.0,5810.125,5990.555555555556,6118.1,5810.0,5578.333333333333,5679.615384615385,5985.5,5776.133333333333,5830.5,5929.058823529412,6129.722222222223,6177.368421052632,6363.25,6228.523809523809,6244.272727272727,6205.130434782609,6204.208333333333,6205.2,6064.192307692308,5967.7037037037035,6073.857142857143,5929.310344827586,5925.066666666667,5902.064516129032,5917.59375,5935.151515151515,5836.735294117647,5895.914285714286,5972.638888888889,5950.1621621621625,5819.9473684210525,5756.974358974359,5688.8,5652.975609756098,5592.5952380952385,5588.372093023256,5563.545454545455,5647.822222222222,5593.086956521739,5663.234042553191,5736.6875,5735.918367346939,5661.5,5704.254901960784,5776.192307692308,5826.566037735849,5883.555555555556,5886.781818181818,5894.839285714285,5899.0,5898.568965517241,5966.576271186441,5990.883333333333,5974.0,5938.645161290323,5984.6349206349205,5953.15625,5984.6461538461535,5970.348484848485,,,,,,,,,,,,,,,,,,,,,,,,,,,,,,,,,,,
66,66,9291,8770.0,7504.666666666667,8057.75,6863.2,6106.666666666667,5975.857142857143,6109.5,6196.888888888889,6320.6,6406.545454545455,6100.083333333333,5863.923076923077,5937.571428571428,6205.866666666667,5995.8125,6034.058823529412,6115.833333333333,6296.105263157895,6333.05,6502.666666666667,6367.727272727273,6376.739130434783,6333.708333333333,6327.68,6323.884615384615,6183.7037037037035,6086.392857142857,6184.793103448276,6041.366666666667,6033.645161290323,6007.96875,6019.818181818182,6033.85294117647,5935.428571428572,5990.222222222223,6062.324324324324,6038.078947368421,5908.948717948718,5845.325,5776.658536585366,5739.5952380952385,5678.604651162791,5672.522727272727,5646.377777777778,5727.021739130435,5671.765957446809,5738.8125,5809.224489795918,5807.02,5732.666666666667,5773.2307692307695,5842.509433962264,5890.722222222223,5945.509090909091,5947.571428571428,5954.421052631579,5957.482758620689,5956.067796610169,6021.983333333334,6044.983606557377,6027.5,5991.857142857143,6036.296875,6004.507692307692,6034.742424242424,6019.910447761194,,,,,,,,,,,,,,,,,,,,,,,,,,,,,,,,,,
67,67,7104,8197.5,8214.666666666666,7404.5,7867.0,6903.333333333333,6249.142857142857,6116.875,6220.0,6287.6,6391.818181818182,6464.666666666667,6177.307692307692,5952.5,6015.333333333333,6262.0,6061.0,6093.5,6167.8421052631575,6336.5,6369.761904761905,6530.0,6399.739130434783,6407.041666666667,6364.52,6357.538461538462,6352.777777777777,6216.571428571428,6121.482758620689,6215.433333333333,6075.645161290323,6067.09375,6041.181818181818,6051.705882352941,6064.428571428572,5967.888888888889,6020.324324324324,6089.736842105263,6065.410256410257,5938.825,5876.024390243902,5808.261904761905,5771.325581395349,5711.0,5704.333333333333,5678.065217391304,5756.31914893617,5701.604166666667,5766.673469387755,5835.12,5832.450980392156,5759.038461538462,5798.33962264151,5865.87037037037,5912.781818181818,5966.196428571428,5967.859649122807,5974.241379310345,5976.9152542372885,5975.2,6039.7213114754095,6062.064516129032,6044.587301587301,6009.234375,6052.723076923077,6021.166666666667,6050.701492537313,6035.85294117647,,,,,,,,,,,,,,,,,,,,,,,,,,,,,,,,,
68,68,1051,4077.5,5815.333333333333,6423.75,6133.8,6731.0,6067.285714285715,5599.375,5554.0,5703.1,5811.545454545455,5946.75,6048.2307692307695,5811.142857142857,5625.733333333334,5705.0625,5955.470588235294,5782.666666666667,5828.105263157895,5912.0,6084.809523809524,6128.0,6291.782608695652,6176.875,6192.8,6160.153846153846,6161.0,6163.428571428572,6038.448275862069,5952.466666666666,6048.8387096774195,5918.625,5915.090909090909,5894.411764705882,5908.828571428571,5925.166666666667,5835.0,5889.5526315789475,5960.538461538462,5940.05,5819.609756097561,5761.142857142857,5697.627906976744,5664.045454545455,5607.444444444444,5603.173913043478,5579.617021276596,5658.291666666667,5606.693877551021,5672.36,5741.313725490196,5740.5,5670.207547169812,5710.425925925926,5778.327272727272,5825.964285714285,5879.964912280701,5883.086206896552,5890.796610169492,5894.816666666667,5894.475409836065,5959.258064516129,5982.523809523809,5966.5625,5932.953846153846,5976.939393939394,5946.985074626866,5977.176470588235,5963.608695652174,,,,,,,,,,,,,,,,,,,,,,,,,,,,,,,,
69,69,1780,1415.5,3311.6666666666665,4806.5,5495.0,5408.166666666667,6023.714285714285,5531.375,5175.0,5176.6,5346.454545454545,5475.583333333333,5626.2307692307695,5743.357142857143,5542.4,5385.375,5474.176470588235,5723.5,5572.0,5625.7,5715.238095238095,5889.136363636364,5938.95652173913,6103.791666666667,6001.0,6023.076923076923,5997.925925925926,6004.535714285715,6012.275862068966,5896.5,5817.870967741936,5915.4375,5793.212121212121,5793.470588235294,5776.857142857143,5794.138888888889,5813.135135135135,5728.289473684211,5784.179487179487,5856.025,5838.585365853659,5723.428571428572,5668.558139534884,5608.590909090909,5577.733333333334,5524.239130434783,5521.829787234043,5500.458333333333,5579.142857142857,5530.16,5596.0392156862745,5665.134615384615,5665.773584905661,5598.166666666667,5638.963636363636,5706.928571428572,5754.982456140351,5809.275862068966,5813.542372881356,5822.283333333334,5827.360655737705,5828.112903225807,5892.920634920635,5916.859375,5902.153846153846,5870.030303030303,5914.298507462687,5885.705882352941,5916.347826086957,5903.842857142857,,,,,,,,,,,,,,,,,,,,,,,,,,,,,,,
70,70,7631,4705.5,3487.3333333333335,4391.5,5371.4,5851.0,5725.714285714285,6224.625,5764.666666666667,5420.6,5399.727272727273,5536.833333333333,5641.384615384615,5769.428571428572,5869.2,5672.9375,5517.470588235294,5594.0,5823.894736842105,5674.95,5721.190476190476,5802.318181818182,5964.869565217391,6009.458333333333,6164.88,6063.692307692308,6082.62962962963,6056.25,6060.620689655172,6066.233333333334,5952.451612903225,5874.53125,5967.424242424242,5847.264705882353,5845.971428571429,5828.361111111111,5843.783783783784,5860.973684210527,5777.076923076923,5830.35,5899.317073170731,5881.261904761905,5767.790697674419,5713.159090909091,5653.533333333334,5622.369565217391,5569.063829787234,5565.770833333333,5543.938775510204,5620.18,5571.35294117647,5635.173076923077,5702.226415094339,5702.166666666667,5635.127272727273,5674.535714285715,5740.684210526316,5787.327586206897,5840.152542372882,5843.833333333333,5851.934426229508,5856.451612903225,5856.730158730159,5920.078125,5943.2307692307695,5928.348484848485,5896.313432835821,5939.544117647059,5911.0,5940.842857142857,5928.169014084507,,,,,,,,,,,,,,,,,,,,,,,,,,,,,,
71,71,8892,8261.5,6101.0,4838.5,5291.6,5958.166666666667,6285.428571428572,6121.5,6521.0,6077.4,5736.181818181818,5690.75,5794.923076923077,5873.571428571428,5977.6,6058.125,5862.294117647059,5704.944444444444,5767.578947368421,5977.3,5828.142857142857,5865.318181818182,5936.652173913043,6086.833333333333,6124.76,6269.7692307692305,6168.444444444444,6182.964285714285,6154.0344827586205,6155.0,6157.387096774193,6044.3125,5965.969696969697,6053.441176470588,5934.257142857143,5930.583333333333,5911.1621621621625,5924.0,5938.692307692308,5854.95,5905.024390243902,5970.571428571428,5951.279069767442,5838.795454545455,5783.8,5723.934782608696,5691.936170212766,5638.291666666667,5633.65306122449,5610.9,5684.333333333333,5635.211538461538,5696.622641509434,5761.2962962962965,5760.163636363636,5693.285714285715,5730.982456140351,5795.017241379311,5839.949152542373,5891.016666666666,5893.803278688524,5900.967741935484,5904.6349206349205,5904.15625,5965.8,5987.909090909091,5972.582089552238,5940.367647058823,5982.333333333333,5953.585714285714,5982.408450704225,5969.333333333333,,,,,,,,,,,,,,,,,,,,,,,,,,,,,
72,72,6582,7737.0,7701.666666666667,6221.25,5187.2,5506.666666666667,6047.285714285715,6322.5,6172.666666666667,6527.1,6123.272727272727,5806.666666666667,5759.307692307692,5851.142857142857,5920.8,6015.375,6088.941176470588,5902.277777777777,5751.105263157895,5808.3,6006.0952380952385,5862.409090909091,5896.478260869565,5963.541666666667,6106.64,6142.346153846154,6281.333333333333,6183.214285714285,6196.724137931034,6168.3,6168.774193548387,6170.65625,6060.606060606061,5984.088235294118,6068.542857142857,5952.25,5948.189189189189,5928.815789473684,5940.871794871795,5954.775,5872.682926829269,5921.142857142857,5984.790697674419,5965.613636363636,5855.311111111111,5801.152173913043,5742.191489361702,5710.479166666667,5657.551020408163,5652.62,5629.941176470588,5701.596153846154,5653.075471698113,5713.018518518518,5776.218181818182,5774.839285714285,5708.877192982456,5745.6551724137935,5808.35593220339,5852.316666666667,5902.3442622950815,5904.903225806452,5911.777777777777,5915.21875,5914.584615384615,5975.136363636364,5996.776119402985,5981.544117647059,5949.666666666667,5990.9,5962.43661971831,5990.736111111111,5977.726027397261,,,,,,,,,,,,,,,,,,,,,,,,,,,,
73,73,6852,6717.0,7442.0,7489.25,6347.4,5464.666666666667,5698.857142857143,6147.875,6381.333333333333,6240.6,6556.636363636364,6184.0,5887.076923076923,5837.357142857143,5917.866666666667,5979.0,6064.588235294118,6131.333333333333,5952.263157894737,5806.15,5858.0,6044.545454545455,5905.434782608696,5936.291666666667,5999.08,6135.307692307692,6168.62962962963,6301.714285714285,6206.275862068966,6218.566666666667,6190.354838709677,6190.125,6191.30303030303,6083.882352941177,6008.885714285714,6090.305555555556,5976.5675675675675,5971.973684210527,5952.48717948718,5963.65,5976.658536585366,5896.0,5942.790697674419,6004.5,5985.311111111111,5876.978260869565,5823.510638297872,5765.3125,5733.775510204082,5681.44,5676.137254901961,5653.442307692308,5723.301886792453,5675.277777777777,5733.727272727273,5795.428571428572,5793.736842105263,5728.586206896552,5764.406779661017,5825.75,5868.704918032787,5917.6612903225805,5919.936507936508,5926.46875,5929.630769230769,5928.787878787879,5988.223880597015,6009.35294117647,5994.159420289855,5962.557142857143,6003.028169014085,5974.791666666667,6002.534246575343,5989.540540540541,,,,,,,,,,,,,,,,,,,,,,,,,,,
74,74,3199,5025.5,5544.333333333333,6381.25,6631.2,5822.666666666667,5141.0,5386.375,5820.222222222223,6063.1,5964.090909090909,6276.833333333333,5954.384615384615,5695.071428571428,5661.466666666666,5747.9375,5815.470588235294,5905.388888888889,5977.0,5814.6,5682.0,5737.136363636364,5920.826086956522,5792.666666666667,5826.8,5891.384615384615,6026.555555555556,6062.571428571428,6194.724137931034,6106.033333333334,6121.1612903225805,6096.875,6099.484848484848,6103.294117647059,6001.457142857143,5930.833333333333,6012.1621621621625,5903.473684210527,5900.871794871795,5883.65,5896.219512195122,5910.523809523809,5833.279069767442,5880.431818181818,5942.155555555555,5924.739130434783,5820.0,5768.833333333333,5712.938775510204,5683.08,5632.764705882353,5628.5,5607.132075471698,5676.555555555556,5630.254545454545,5688.464285714285,5749.877192982456,5749.0,5685.71186440678,5721.65,5782.688524590164,5825.645161290323,5874.507936507936,5877.421875,5884.507692307692,5888.257575757576,5888.044776119403,5947.205882352941,5968.623188405797,5954.228571428572,5923.633802816901,5964.083333333333,5936.767123287671,5964.648648648648,5952.333333333333,,,,,,,,,,,,,,,,,,,,,,,,,,
75,75,8609,5904.0,6220.0,6310.5,6826.8,6960.833333333333,6220.714285714285,5574.5,5744.444444444444,6099.1,6294.545454545455,6184.5,6456.2307692307695,6144.0,5889.333333333333,5845.6875,5916.235294117647,5970.666666666667,6047.684210526316,6108.6,5947.666666666667,5815.045454545455,5862.0,6032.833333333333,5905.32,5933.807692307692,5992.037037037037,6118.785714285715,6150.379310344828,6275.2,6186.774193548387,6198.90625,6173.0,6173.294117647059,6174.885714285714,6073.888888888889,6003.216216216216,6080.5,5972.846153846154,5968.575,5950.121951219512,5960.809523809524,5973.279069767442,5896.363636363636,5941.066666666667,6000.130434782609,5981.851063829788,5878.104166666667,5826.7959183673465,5770.86,5740.450980392156,5690.0,5684.735849056604,5662.722222222223,5729.872727272727,5683.446428571428,5739.701754385965,5799.172413793103,5797.474576271186,5734.433333333333,5768.983606557377,5828.274193548387,5869.825396825397,5917.234375,5919.446153846154,5925.787878787879,5928.865671641791,5928.058823529412,5985.782608695652,6006.342857142857,5991.619718309859,5960.930555555556,6000.315068493151,5972.878378378378,5999.906666666667,5987.289473684211,,,,,,,,,,,,,,,,,,,,,,,,,
76,76,7161,7885.0,6323.0,6455.25,6480.6,6882.5,6989.428571428572,6338.25,5750.777777777777,5886.1,6195.636363636364,6366.75,6259.615384615385,6506.571428571428,6211.8,5968.8125,5923.058823529412,5985.388888888889,6033.315789473684,6103.35,6158.714285714285,6002.818181818182,5873.565217391304,5916.125,6077.96,5953.615384615385,5979.259259259259,6033.785714285715,6154.724137931034,6184.066666666667,6303.774193548387,6217.21875,6228.060606060606,6202.058823529412,6201.5142857142855,6202.277777777777,6103.27027027027,6033.684210526316,6108.205128205128,6002.55,5997.658536585366,5978.952380952381,5988.720930232558,6000.272727272727,5924.466666666666,5967.586956521739,6024.829787234043,6006.416666666667,5904.285714285715,5853.48,5798.117647058823,5767.7692307692305,5717.754716981132,5712.074074074074,5689.963636363636,5755.428571428572,5709.368421052632,5764.206896551724,5822.254237288135,5820.2,5757.819672131148,5791.435483870968,5849.428571428572,5890.0,5936.369230769231,5938.257575757576,5944.223880597015,5946.985294117647,5945.927536231884,6002.571428571428,6022.605633802817,6007.861111111111,5977.369863013699,6016.0,5988.72,6015.184210526316,6002.532467532467,,,,,,,,,,,,,,,,,,,,,,,,
77,77,4126,5643.5,6632.0,5773.75,5989.4,6088.166666666667,6488.714285714285,6631.5,6092.444444444444,5588.3,5726.090909090909,6023.166666666667,6194.384615384615,6107.214285714285,6347.866666666667,6081.4375,5860.411764705882,5823.222222222223,5887.526315789473,5937.95,6009.190476190476,6066.318181818182,5921.217391304348,5800.75,5844.52,6002.884615384615,5885.925925925926,5913.071428571428,5968.0,6087.1,6117.677419354839,6235.71875,6153.848484848485,6166.235294117647,6142.742857142857,6143.861111111111,6146.1621621621625,6051.236842105263,5984.7692307692305,6058.65,5956.780487804878,5953.0952380952385,5935.860465116279,5946.386363636364,5958.622222222222,5885.369565217391,5928.404255319149,5985.270833333333,5968.040816326531,5868.72,5819.607843137255,5765.961538461538,5736.792452830188,5688.277777777777,5683.236363636363,5662.035714285715,5726.8421052631575,5682.068965517241,5736.440677966101,5793.983333333334,5792.426229508197,5731.5,5765.0,5822.5,5862.861538461539,5908.939393939394,5911.20895522388,5917.485294117647,5920.594202898551,5919.928571428572,5976.140845070423,5996.263888888889,5982.082191780822,5952.351351351352,5990.8,5964.210526315789,5990.649350649351,5978.474358974359,,,,,,,,,,,,,,,,,,,,,,,
78,78,4976,4551.0,5421.0,6218.0,5614.2,5820.5,5929.285714285715,6299.625,6447.555555555556,5980.8,5532.636363636364,5663.583333333333,5942.615384615385,6107.357142857143,6031.8,6262.125,6016.411764705882,5811.277777777777,5778.631578947368,5841.95,5892.142857142857,5962.227272727273,6018.913043478261,5881.833333333333,5767.76,5811.115384615385,5964.851851851852,5853.428571428572,5880.758620689655,5934.933333333333,6051.258064516129,6082.0,6197.545454545455,6119.205882352941,6132.228571428572,6110.333333333333,6112.2972972972975,6115.368421052632,6023.666666666667,5959.55,6032.243902439024,5933.428571428572,5930.372093023256,5914.045454545455,5924.822222222222,5937.260869565217,5866.021276595745,5908.5625,5964.673469387755,5948.2,5851.21568627451,5803.384615384615,5751.056603773585,5722.7037037037035,5675.327272727272,5670.607142857143,5650.0,5713.896551724138,5670.1016949152545,5723.766666666666,5780.573770491803,5779.258064516129,5719.507936507936,5752.671875,5809.476923076923,5849.424242424242,5895.014925373134,5897.455882352941,5903.840579710145,5907.1,5906.633802816901,5962.25,5982.287671232877,5968.486486486487,5939.333333333333,5977.4473684210525,5951.376623376624,5977.641025641025,5965.784810126583,,,,,,,,,,,,,,,,,,,,,,
79,79,7696,6336.0,5599.333333333333,5989.75,6513.6,5961.166666666667,6088.428571428572,6150.125,6454.777777777777,6572.4,6136.727272727273,5712.916666666667,5819.923076923077,6067.857142857143,6213.266666666666,6135.8125,6346.470588235294,6109.722222222223,5910.473684210527,5874.5,5930.238095238095,5974.136363636364,6037.608695652174,6088.791666666667,5954.4,5841.923076923077,5880.925925925926,6026.678571428572,5916.9655172413795,5941.266666666666,5991.741935483871,6102.65625,6130.909090909091,6241.617647058823,6164.257142857143,6175.666666666667,6153.189189189189,6153.973684210527,6155.897435897436,6065.475,6001.90243902439,6071.857142857143,5974.418604651163,5970.5,5953.644444444444,5963.326086956522,5974.68085106383,5904.145833333333,5945.040816326531,5999.3,5982.470588235294,5886.692307692308,5839.094339622641,5787.074074074074,5758.581818181819,5711.410714285715,5706.140350877193,5685.275862068966,5747.4915254237285,5703.866666666667,5756.098360655737,5811.467741935484,5809.68253968254,5750.390625,5782.569230769231,5838.060606060606,5876.985074626866,5921.5,5923.521739130435,5929.442857142857,5932.295774647887,5931.486111111111,5986.0,6005.445945945946,5991.52,5962.4473684210525,5999.766233766234,5973.74358974359,5999.392405063291,5987.4125,,,,,,,,,,,,,,,,,,,,,
80,80,9294,8495.0,7322.0,6523.0,6650.6,6977.0,6437.285714285715,6489.125,6499.444444444444,6738.7,6819.818181818182,6399.833333333333,5988.384615384615,6068.071428571428,6282.933333333333,6405.8125,6321.588235294118,6510.222222222223,6277.315789473684,6079.65,6037.333333333333,6083.136363636364,6118.478260869565,6173.291666666667,6217.0,6082.846153846154,5969.777777777777,6002.821428571428,6139.3448275862065,6029.533333333334,6049.419354838709,6094.9375,6199.363636363636,6223.941176470588,6328.828571428571,6251.194444444444,6259.945945945946,6235.8421052631575,6234.48717948718,6234.35,6144.219512195122,6080.285714285715,6146.790697674419,6049.863636363636,6044.355555555556,6026.260869565217,6034.191489361702,6043.833333333333,5973.326530612245,6012.02,6063.901960784314,6046.153846153846,5950.981132075472,5903.074074074074,5850.836363636364,5821.714285714285,5774.263157894737,5768.0,5746.440677966101,5806.6,5762.7213114754095,5813.1612903225805,5866.746031746032,5864.125,5804.907692307693,5835.772727272727,5889.641791044776,5927.235294117647,5970.376811594203,5971.671428571429,5976.830985915493,5978.986111111111,5977.54794520548,6030.7027027027025,6049.293333333333,6034.973684210527,6005.714285714285,6042.0,6015.772151898735,6040.575,6028.234567901234,,,,,,,,,,,,,,,,,,,,
81,81,1419,5356.5,6136.333333333333,5846.25,5502.2,5778.666666666667,6183.0,5810.0,5925.777777777777,5991.4,6255.090909090909,6369.75,6016.692307692308,5662.0,5758.133333333333,5978.9375,6112.470588235294,6049.222222222223,6242.263157894737,6034.4,5857.714285714285,5827.409090909091,5880.347826086957,5922.666666666667,5983.12,6032.461538461538,5910.111111111111,5807.25,5844.758620689655,5982.0,5880.806451612903,5904.71875,5953.242424242424,6058.764705882353,6086.657142857143,6192.444444444444,6120.594594594595,6132.5526315789475,6112.333333333333,6114.1,6116.90243902439,6031.714285714285,5971.883720930233,6039.340909090909,5946.955555555555,5943.804347826087,5928.234042553191,5938.041666666667,5949.448979591837,5882.24,5921.9607843137255,5974.576923076923,5958.8490566037735,5867.055555555556,5821.545454545455,5771.696428571428,5744.473684210527,5699.172413793103,5694.28813559322,5674.316666666667,5734.672131147541,5692.6612903225805,5743.412698412699,5797.25,5795.738461538462,5738.454545454545,5769.850746268657,5823.89705882353,5861.898550724638,5905.357142857143,5907.549295774648,5913.527777777777,5916.520547945205,5915.945945945946,5969.213333333333,5988.368421052632,5975.025974025974,5946.910256410257,5983.481012658228,5958.3125,5983.518518518518,5972.024390243902,,,,,,,,,,,,,,,,,,,
82,82,1471,1445.0,4061.3333333333335,4970.0,4971.2,4830.333333333333,5163.285714285715,5594.0,5327.888888888889,5480.3,5580.454545454545,5856.416666666667,5992.923076923077,5692.0,5382.6,5490.1875,5713.764705882353,5854.611111111111,5808.263157894737,6003.7,5817.0952380952385,5658.318181818182,5638.0,5696.625,5744.6,5809.576923076923,5863.518518518518,5751.571428571428,5657.724137931034,5698.966666666666,5836.4838709677415,5743.0,5770.363636363636,5821.411764705882,5927.685714285714,5958.444444444444,6064.8378378378375,5998.236842105263,6013.025641025641,5996.3,6000.8536585365855,6006.285714285715,5925.6511627906975,5869.590909090909,5937.822222222222,5849.652173913043,5848.63829787234,5835.375,5846.877551020408,5859.88,5795.745098039216,5836.365384615385,5889.603773584906,5875.740740740741,5787.127272727273,5743.857142857143,5696.245614035088,5670.793103448276,5627.5084745762715,5623.9,5605.4098360655735,5665.903225806452,5625.650793650793,5676.65625,5730.692307692308,5730.212121212121,5674.761194029851,5706.632352941177,5760.811594202899,5799.171428571429,5842.901408450704,5845.930555555556,5852.671232876713,5856.445945945946,5856.68,5910.026315789473,5929.701298701299,5917.282051282052,5890.2531645569625,5927.075,5902.913580246914,5928.487804878048,5917.795180722892,,,,,,,,,,,,,,,,,,
83,83,9606,5538.5,4165.333333333333,5447.5,5897.2,5743.666666666667,5512.571428571428,5718.625,6039.777777777777,5755.7,5855.363636363636,5915.916666666667,6144.846153846154,6251.0,5952.933333333333,5646.5625,5732.294117647059,5930.0,6052.0526315789475,5998.15,6175.238095238095,5989.318181818182,5829.95652173913,5803.333333333333,5853.0,5893.115384615385,5950.185185185185,5997.178571428572,5884.482758620689,5789.333333333333,5825.0,5954.28125,5860.060606060606,5883.176470588235,5929.542857142857,6029.861111111111,6057.027027027027,6158.026315789473,6090.74358974359,6102.85,6084.341463414634,6086.690476190476,6090.0,6009.295454545455,5952.622222222222,6017.565217391304,5929.574468085107,5926.916666666667,5912.326530612245,5922.06,5933.333333333333,5869.0192307692305,5907.490566037736,5958.425925925926,5943.563636363637,5855.321428571428,5811.6140350877195,5763.6551724137935,5737.4915254237285,5693.816666666667,5689.180327868852,5669.935483870968,5728.444444444444,5687.84375,5737.107692307693,5789.409090909091,5788.059701492537,5732.573529411765,5763.144927536232,5815.742857142857,5852.788732394366,5895.166666666667,5897.438356164384,5903.391891891892,5906.44,5906.013157894737,5958.025974025974,5976.833333333333,5963.974683544304,5936.7,5972.493827160494,5948.073170731707,5972.795180722892,5961.702380952381,,,,,,,,,,,,,,,,,
84,84,6126,7866.0,5734.333333333333,4655.5,5583.2,5935.333333333333,5798.285714285715,5589.25,5763.888888888889,6048.4,5789.363636363636,5877.916666666667,5932.076923076923,6143.5,6242.666666666667,5963.75,5674.764705882353,5754.166666666667,5940.315789473684,6055.75,6004.238095238095,6173.0,5995.260869565217,5842.291666666667,5816.24,5863.5,5901.740740740741,5956.464285714285,6001.620689655172,5892.533333333334,5800.193548387097,5834.40625,5959.484848484848,5867.882352941177,5890.114285714286,5935.0,6032.459459459459,6058.8421052631575,6157.205128205128,6091.625,6103.414634146341,6085.333333333333,6087.604651162791,6090.818181818182,6011.888888888889,5956.391304347826,6019.872340425532,5933.666666666667,5930.9795918367345,5916.6,5926.058823529412,5937.038461538462,5873.867924528302,5911.537037037037,5961.472727272727,5946.821428571428,5860.070175438596,5817.0344827586205,5769.796610169492,5743.966666666666,5700.901639344263,5696.225806451613,5677.174603174603,5734.65625,5694.584615384615,5743.0,5794.432835820896,5793.029411764706,5738.275362318841,5768.328571428571,5820.112676056338,5856.583333333333,5898.328767123287,5900.527027027027,5906.36,5909.328947368421,5908.87012987013,5960.179487179487,5978.721518987341,5966.0,5939.037037037037,5974.365853658536,5950.21686746988,5974.619047619048,5963.635294117647,,,,,,,,,,,,,,,,
85,85,3525,4825.5,6419.0,5182.0,4429.4,5240.166666666667,5591.0,5514.125,5359.888888888889,5540.0,5819.0,5600.666666666667,5696.923076923077,5760.142857142857,5968.933333333333,6072.8125,5820.294117647059,5555.333333333333,5636.8421052631575,5819.55,5935.238095238095,5891.545454545455,6057.869565217391,5892.333333333333,5749.6,5728.115384615385,5776.888888888889,5816.857142857143,5872.620689655172,5919.066666666667,5816.1612903225805,5729.09375,5764.424242424242,5887.882352941177,5800.942857142857,5824.416666666667,5869.864864864865,5966.473684210527,5993.871794871795,6091.4,6029.024390243902,6042.023809523809,6025.790697674419,6029.363636363636,6033.8,5957.826086956522,5904.659574468085,5967.895833333333,5884.510204081633,5882.86,5869.705882352941,5879.884615384615,5891.528301886792,5830.37037037037,5868.145454545454,5917.964285714285,5904.333333333333,5819.810344827586,5778.186440677966,5732.383333333333,5707.5901639344265,5665.806451612903,5661.761904761905,5643.546875,5700.661538461539,5661.712121212121,5709.895522388059,5761.058823529412,5760.159420289855,5706.657142857143,5736.732394366197,5788.236111111111,5824.643835616438,5866.256756756757,5868.8533333333335,5875.026315789473,5878.363636363636,5878.307692307692,5929.354430379747,5948.05,5935.864197530864,5909.59756097561,5944.855421686747,5921.3452380952385,5945.8,5935.279069767442,,,,,,,,,,,,,,,
86,86,3933,3729.0,4528.0,5797.5,4932.2,4346.666666666667,5053.428571428572,5383.75,5338.444444444444,5217.2,5393.909090909091,5661.833333333333,5472.384615384615,5570.928571428572,5638.333333333333,5841.6875,5946.941176470588,5715.444444444444,5469.9473684210525,5551.65,5729.714285714285,5844.227272727273,5806.391304347826,5969.333333333333,5813.96,5679.7307692307695,5661.62962962963,5711.035714285715,5751.896551724138,5807.966666666666,5855.0,5757.3125,5674.666666666667,5710.558823529412,5832.028571428571,5749.055555555556,5773.2972972972975,5818.894736842105,5914.333333333333,5942.35,6038.756097560976,5979.119047619048,5992.976744186047,5978.227272727273,5982.777777777777,5988.130434782609,5914.744680851064,5863.583333333333,5926.367346938776,5845.48,5844.6274509803925,5832.461538461538,5843.1509433962265,5855.259259259259,5795.872727272727,5833.589285714285,5883.140350877193,5870.3448275862065,5787.830508474576,5747.433333333333,5702.88524590164,5678.967741935484,5638.3015873015875,5634.75,5617.2307692307695,5673.878787878788,5635.910447761194,5683.764705882353,5734.565217391304,5734.057142857143,5681.6760563380285,5711.680555555556,5762.821917808219,5799.081081081081,5840.48,5843.381578947368,5849.805194805195,5853.423076923077,5853.683544303797,5904.4,5923.172839506173,5911.4390243902435,5885.78313253012,5920.9047619047615,5897.952941176471,5922.395348837209,5912.264367816092,,,,,,,,,,,,,,
87,87,6597,5265.0,4685.0,5045.25,5957.4,5209.666666666667,4668.142857142857,5246.375,5518.555555555556,5464.3,5342.636363636364,5494.166666666667,5733.7692307692305,5552.714285714285,5639.333333333333,5698.25,5886.117647058823,5983.055555555556,5761.8421052631575,5526.3,5601.428571428572,5769.136363636364,5876.95652173913,5839.333333333333,5994.44,5844.076923076923,5713.7037037037035,5695.035714285715,5741.586206896552,5780.066666666667,5833.419354838709,5878.1875,5782.757575757576,5701.794117647059,5735.885714285714,5853.277777777777,5771.972972972973,5794.973684210527,5838.846153846154,5931.4,5958.317073170731,6052.047619047619,5993.488372093023,6006.704545454545,5991.977777777778,5996.130434782609,6001.085106382979,5928.958333333333,5878.551020408163,5939.78,5860.21568627451,5859.096153846154,5846.88679245283,5857.111111111111,5868.745454545455,5810.178571428572,5846.982456140351,5895.448275862069,5882.661016949152,5801.316666666667,5761.360655737705,5717.306451612903,5693.539682539683,5653.28125,5649.553846153846,5632.075757575758,5687.6567164179105,5650.044117647059,5697.0,5746.885714285714,5746.211267605634,5694.388888888889,5723.808219178082,5774.094594594595,5809.72,5850.434210526316,5853.168831168831,5859.384615384615,5862.835443037975,5862.975,5912.950617283951,5931.390243902439,5919.698795180723,5894.25,5928.858823529412,5906.081395348837,5930.149425287356,5920.045454545455,,,,,,,,,,,,,
88,88,7649,7123.0,6059.666666666667,5426.0,5566.0,6239.333333333333,5558.142857142857,5040.75,5513.333333333333,5731.6,5662.909090909091,5534.833333333333,5659.923076923077,5870.571428571428,5692.466666666666,5764.9375,5813.0,5984.055555555556,6070.736842105263,5856.2,5627.380952380952,5694.5,5850.869565217391,5950.791666666667,5911.72,6058.076923076923,5910.925925925926,5782.821428571428,5762.413793103448,5805.166666666667,5840.354838709677,5890.15625,5931.848484848485,5837.64705882353,5757.428571428572,5789.027777777777,5901.810810810811,5821.368421052632,5842.51282051282,5884.1,5973.292682926829,5998.571428571428,6089.186046511628,6031.113636363636,6043.2,6028.0,6031.297872340426,6035.416666666667,5964.061224489796,5913.96,5973.294117647059,5894.615384615385,5892.867924528302,5880.259259259259,5889.690909090909,5900.535714285715,5842.438596491228,5878.051724137931,5925.169491525424,5912.1,5831.606557377049,5791.806451612903,5747.9682539682535,5724.09375,5683.984615384616,5679.848484848485,5662.179104477612,5716.5,5679.014492753623,5724.885714285714,5773.6760563380285,5772.638888888889,5721.164383561644,5749.824324324324,5799.093333333333,5833.921052631579,5873.792207792208,5876.192307692308,5882.037974683544,5885.1625,5885.024691358025,5934.121951219512,5952.084337349397,5940.285714285715,5914.894117647059,5948.860465116279,5926.114942528736,5949.681818181818,5939.471910112359,,,,,,,,,,,,
89,89,3754,5701.5,6000.0,5483.25,5091.6,5264.0,5884.285714285715,5332.625,4897.777777777777,5337.4,5551.818181818182,5503.833333333333,5397.846153846154,5523.785714285715,5729.466666666666,5571.3125,5646.64705882353,5698.611111111111,5866.684210526316,5954.9,5756.0952380952385,5542.227272727273,5610.130434782609,5763.5,5862.92,5828.7307692307695,5972.740740740741,5833.892857142857,5712.862068965517,5695.466666666666,5739.0,5775.15625,5825.424242424242,5867.794117647059,5778.114285714286,5701.777777777777,5734.027027027027,5845.289473684211,5768.358974358975,5790.3,5832.1463414634145,5920.452380952381,5946.372093023256,6036.113636363636,5980.511111111111,5993.434782608696,5979.617021276596,5983.854166666667,5988.857142857143,5919.86,5871.607843137255,5930.615384615385,5854.226415094339,5853.259259259259,5841.6,5851.553571428572,5862.877192982456,5806.431034482759,5842.050847457627,5888.983333333334,5876.7213114754095,5798.096774193548,5759.460317460317,5716.8125,5693.784615384616,5654.742424242424,5651.104477611941,5634.117647058823,5688.057971014493,5651.5142857142855,5697.12676056338,5745.625,5744.986301369863,5694.581081081081,5723.213333333333,5772.184210526316,5806.909090909091,5846.615384615385,5849.329113924051,5855.4375,5858.851851851852,5859.036585365854,5907.855421686747,5925.916666666667,5914.564705882353,5889.767441860465,5923.632183908046,5901.431818181818,5925.011235955056,5915.188888888889,,,,,,,,,,,
90,90,1400,2577.0,4267.666666666667,4850.0,4666.6,4476.333333333333,4712.0,5323.75,4895.666666666667,4548.0,4979.454545454545,5205.833333333333,5188.153846153846,5112.285714285715,5248.866666666667,5458.875,5325.941176470588,5410.722222222223,5472.368421052632,5643.35,5738.0,5558.090909090909,5362.130434782609,5434.708333333333,5588.96,5691.2692307692305,5664.7037037037035,5809.428571428572,5681.0,5569.1,5556.903225806452,5603.40625,5642.575757575758,5695.264705882353,5740.142857142857,5656.5,5585.513513513513,5619.973684210527,5731.307692307692,5659.15,5683.219512195122,5726.619047619048,5815.325581395349,5843.045454545455,5933.0888888888885,5880.934782608696,5895.702127659574,5884.208333333333,5890.306122448979,5897.08,5831.235294117647,5785.615384615385,5845.132075471698,5771.740740740741,5772.290909090909,5762.285714285715,5773.456140350877,5785.931034482759,5731.745762711865,5768.016666666666,5815.393442622951,5804.5161290322585,5728.285714285715,5691.34375,5650.4,5628.727272727273,5591.238805970149,5588.588235294118,5572.753623188406,5626.8,5591.633802816901,5637.444444444444,5686.095890410959,5686.27027027027,5637.32,5666.328947368421,5715.402597402597,5750.410256410257,5790.329113924051,5793.7125,5800.432098765432,5804.475609756098,5805.313253012048,5854.190476190476,5872.670588235294,5862.069767441861,5838.16091954023,5872.227272727273,5850.853932584269,5874.733333333334,5865.571428571428,,,,,,,,,,
91,91,1072,1236.0,2075.3333333333335,3468.75,4094.4,4067.5,3990.0,4257.0,4851.333333333333,4513.3,4232.0,4653.833333333333,4887.846153846154,4894.142857142857,4842.933333333333,4987.8125,5200.823529411765,5089.611111111111,5182.368421052632,5252.35,5425.666666666667,5525.909090909091,5363.04347826087,5183.375,5260.2,5415.2307692307695,5520.185185185185,5500.678571428572,5646.068965517241,5527.366666666667,5424.032258064516,5416.75,5466.090909090909,5508.14705882353,5563.171428571429,5610.472222222223,5532.594594594595,5466.736842105263,5503.358974358975,5614.825,5547.268292682927,5573.428571428572,5618.372093023256,5707.522727272727,5737.022222222222,5827.413043478261,5778.617021276596,5795.208333333333,5786.0,5793.94,5802.470588235294,5739.711538461538,5696.679245283019,5756.740740740741,5686.290909090909,5688.357142857143,5680.0,5692.396551724138,5706.033898305085,5654.083333333333,5691.0327868852455,5738.887096774193,5729.396825396825,5655.53125,5620.276923076923,5581.030303030303,5560.7164179104475,5524.779411764706,5523.130434782609,5508.457142857143,5562.647887323944,5528.861111111111,5574.904109589041,5623.743243243243,5624.746666666667,5577.25,5606.662337662337,5655.871794871795,5691.189873417721,5731.35,5735.419753086419,5742.768292682927,5747.457831325301,5748.964285714285,5797.929411764706,5816.8488372093025,5807.0114942528735,5784.0,5818.29213483146,5797.7555555555555,5821.956043956044,5813.467391304348,,,,,,,,,
92,92,9831,5451.5,4101.0,4014.25,4741.2,5050.5,4890.857142857143,4720.125,4876.333333333333,5349.3,4996.727272727273,4698.583333333333,5052.076923076923,5240.928571428572,5223.266666666666,5154.6875,5272.705882352941,5458.055555555556,5339.1578947368425,5414.8,5470.380952380952,5625.909090909091,5713.086956521739,5549.208333333333,5369.28,5436.0,5578.777777777777,5674.142857142857,5650.0,5785.566666666667,5666.193548387097,5561.75,5550.515151515152,5594.470588235294,5631.657142857143,5681.722222222223,5724.540540540541,5645.710526315789,5578.641025641025,5611.55,5717.658536585366,5649.261904761905,5672.441860465116,5714.113636363636,5799.155555555555,5826.021739130435,5912.595744680851,5863.041666666667,5877.571428571428,5866.9,5873.098039215686,5879.942307692308,5816.905660377359,5773.240740740741,5830.818181818182,5760.303571428572,5761.035087719299,5751.568965517241,5762.542372881356,5774.783333333334,5722.55737704918,5757.806451612903,5803.841269841269,5793.484375,5719.7692307692305,5684.075757575758,5644.462686567164,5623.514705882353,5587.188405797101,5584.671428571429,5569.338028169014,5621.930555555556,5587.7945205479455,5632.418918918919,5679.84,5680.0921052631575,5632.493506493506,5660.820512820513,5708.721518987341,5742.9375,5781.962962962963,5785.365853658536,5792.024096385542,5796.071428571428,5796.988235294118,5844.825581395349,5862.9885057471265,5852.738636363636,5829.471910112359,5862.877777777778,5842.076923076923,5865.532608695652,5856.666666666667,,,,,,,,
93,93,9621,9726.0,6841.333333333333,5481.0,5135.6,5554.5,5703.428571428572,5482.125,5264.666666666667,5350.8,5737.636363636364,5382.083333333333,5077.2307692307695,5378.428571428572,5532.933333333333,5498.125,5417.411764705882,5514.277777777777,5677.1578947368425,5553.25,5615.0952380952385,5659.045454545455,5799.608695652174,5875.916666666667,5712.08,5532.807692307692,5591.0,5723.142857142857,5810.241379310345,5782.366666666667,5909.290322580645,5789.78125,5684.757575757576,5670.235294117647,5709.5142857142855,5742.472222222223,5788.189189189189,5827.078947368421,5747.641025641025,5679.7,5709.341463414634,5810.5952380952385,5741.627906976744,5762.181818181818,5800.933333333333,5882.239130434783,5906.765957446809,5989.854166666667,5939.734693877551,5952.44,5940.509803921569,5945.173076923077,5950.528301886792,5887.351851851852,5843.2,5898.5,5828.035087719299,5827.586206896552,5817.152542372882,5826.85,5837.836065573771,5785.435483870968,5819.126984126984,5863.484375,5852.369230769231,5778.878787878788,5742.835820895522,5702.941176470588,5681.449275362319,5644.814285714286,5641.521126760564,5625.611111111111,5676.712328767123,5642.2972972972975,5685.6,5731.6973684210525,5731.272727272727,5683.628205128205,5710.949367088608,5757.625,5790.814814814815,5828.780487804878,5831.578313253012,5837.607142857143,5841.070588235294,5841.453488372093,5888.229885057472,5905.693181818182,5895.078651685393,5871.6,5904.175824175824,5883.152173913043,5905.913978494624,5896.712765957447,,,,,,,
94,94,2833,6227.0,7428.333333333333,5839.25,4951.4,4751.833333333333,5165.714285714285,5344.625,5187.777777777777,5021.5,5121.909090909091,5495.583333333333,5186.0,4916.928571428572,5208.733333333334,5364.1875,5341.35294117647,5273.833333333333,5373.1578947368425,5534.95,5423.714285714285,5488.636363636364,5536.173913043478,5676.0,5754.2,5601.346153846154,5432.814814814815,5492.5,5623.482758620689,5711.0,5687.225806451613,5813.15625,5700.181818181818,5600.882352941177,5589.171428571429,5629.611111111111,5663.8378378378375,5710.421052631579,5750.307692307692,5674.775,5610.268292682927,5640.857142857143,5741.3488372093025,5675.522727272727,5697.0888888888885,5736.413043478261,5817.36170212766,5842.729166666667,5925.428571428572,5877.6,5891.274509803921,5880.75,5886.452830188679,5892.7962962962965,5831.818181818182,5789.446428571428,5844.7192982456145,5776.396551724138,5776.830508474576,5767.416666666667,5777.770491803279,5789.370967741936,5738.571428571428,5772.46875,5816.861538461539,5806.621212121212,5734.910447761194,5700.044117647059,5661.347826086957,5640.757142857143,5605.211267605634,5602.513888888889,5587.356164383562,5638.283783783784,5604.84,5648.065789473684,5694.051948051948,5694.115384615385,5647.544303797468,5674.975,5721.518518518518,5754.743902439024,5792.686746987952,5795.880952380952,5802.2588235294115,5806.093023255814,5806.873563218391,5853.511363636364,5871.168539325843,5861.055555555556,5838.208791208791,5870.79347826087,5850.354838709677,5873.223404255319,5864.4631578947365,,,,,,
95,95,7727,5280.0,6727.0,7503.0,6216.8,5414.0,5176.857142857143,5485.875,5609.333333333333,5441.7,5267.454545454545,5339.0,5667.2307692307695,5367.5,5104.266666666666,5366.125,5503.176470588235,5473.888888888889,5402.9473684210525,5490.85,5639.333333333333,5528.409090909091,5585.95652173913,5627.458333333333,5758.04,5830.076923076923,5680.074074074074,5514.75,5569.551724137931,5693.6,5776.032258064516,5750.96875,5871.151515151515,5759.794117647059,5661.628571428571,5648.555555555556,5686.2972972972975,5718.131578947368,5762.128205128205,5799.725,5724.829268292683,5660.666666666667,5689.372093023256,5786.477272727273,5721.111111111111,5741.217391304348,5778.765957446809,5857.145833333333,5881.183673469388,5961.46,5913.862745098039,5926.576923076923,5915.584905660377,5920.537037037037,5926.145454545454,5865.660714285715,5823.438596491228,5877.172413793103,5809.457627118644,5809.333333333333,5799.540983606557,5809.209677419355,5820.126984126984,5769.640625,5802.538461538462,5845.80303030303,5835.2835820895525,5764.205882352941,5729.420289855072,5690.857142857143,5670.140845070423,5634.680555555556,5631.6164383561645,5616.27027027027,5666.133333333333,5632.763157894737,5675.064935064935,5720.115384615385,5719.848101265823,5673.5375,5700.308641975309,5745.975609756098,5778.506024096386,5815.714285714285,5818.6,5824.639534883721,5828.172413793103,5828.693181818182,5874.561797752809,5891.788888888889,5881.56043956044,5858.739130434783,5890.752688172043,5870.31914893617,5892.736842105263,5883.864583333333,,,,,
96,96,8541,8134.0,6367.0,7180.5,7710.6,6604.166666666667,5860.714285714285,5597.375,5825.333333333333,5902.5,5723.454545454545,5540.25,5585.307692307692,5872.5,5579.066666666667,5319.0625,5552.882352941177,5671.944444444444,5635.315789473684,5559.85,5636.0952380952385,5771.227272727273,5659.391304347826,5709.083333333333,5744.0,5865.076923076923,5930.481481481482,5782.25,5619.103448275862,5668.6,5785.451612903225,5862.4375,5835.515151515152,5949.676470588235,5839.257142857143,5741.611111111111,5726.72972972973,5761.421052631579,5790.51282051282,5831.6,5866.585365853659,5791.880952380952,5727.6511627906975,5754.181818181818,5847.688888888889,5782.413043478261,5800.787234042553,5836.3125,5911.918367346939,5934.38,6012.0392156862745,5964.384615384615,5975.905660377359,5964.2037037037035,5968.181818181818,5972.839285714285,5912.596491228071,5870.293103448276,5922.322033898305,5854.983333333334,5854.11475409836,5843.758064516129,5852.571428571428,5862.640625,5812.276923076923,5844.030303030303,5886.0298507462685,5875.073529411765,5804.449275362319,5769.585714285714,5731.0,5710.013888888889,5674.493150684932,5670.9324324324325,5655.266666666666,5703.960526315789,5670.532467532467,5711.807692307692,5755.822784810127,5755.1125,5708.938271604939,5734.951219512195,5779.650602409639,5811.392857142857,5847.7764705882355,5850.2558139534885,5855.862068965517,5859.0,5859.168539325843,5904.188888888889,5920.9010989010985,5910.467391304348,5887.580645161291,5918.946808510638,5898.4315789473685,5920.322916666667,5911.257731958763,,,,
97,97,1320,4930.5,5862.666666666667,5105.25,6008.4,6645.5,5849.285714285715,5293.125,5122.111111111111,5374.8,5485.909090909091,5356.5,5215.615384615385,5280.642857142857,5569.0,5312.875,5083.823529411765,5317.722222222223,5442.894736842105,5419.55,5357.952380952381,5439.909090909091,5577.695652173913,5478.583333333333,5533.52,5573.846153846154,5696.740740740741,5765.821428571428,5628.379310344828,5475.8,5528.322580645161,5645.90625,5724.787878787879,5702.705882352941,5817.4,5713.722222222223,5622.108108108108,5610.763157894737,5647.538461538462,5678.75,5721.5609756097565,5758.333333333333,5687.883720930233,5627.477272727273,5655.644444444444,5749.260869565217,5687.468085106383,5707.4375,5744.142857142857,5820.08,5843.901960784314,5921.807692307692,5876.754716981132,5889.685185185185,5879.763636363637,5885.178571428572,5891.210526315789,5833.413793103448,5793.169491525424,5845.616666666667,5780.639344262295,5780.9838709677415,5771.952380952381,5781.75,5792.753846153846,5744.212121212121,5776.507462686567,5818.882352941177,5809.057971014493,5740.385714285714,5706.915492957746,5669.736111111111,5649.876712328767,5615.648648648648,5612.92,5598.223684210527,5647.025974025974,5614.75641025641,5656.215189873417,5700.375,5700.358024691358,5655.414634146341,5681.759036144578,5726.559523809524,5758.552941176471,5795.127906976744,5798.183908045977,5804.318181818182,5808.0,5808.733333333334,5853.813186813187,5870.891304347826,5861.10752688172,5838.989361702128,5870.5368421052635,5850.739583333333,5872.896907216495,5864.408163265306,,,
98,98,9448,5384.0,6436.333333333333,6759.0,5973.8,6581.666666666667,7045.857142857143,6299.125,5754.777777777777,5554.7,5745.090909090909,5816.083333333333,5671.2307692307695,5517.928571428572,5558.466666666666,5811.4375,5556.117647058823,5326.277777777777,5535.105263157895,5643.15,5611.380952380952,5543.863636363636,5614.173913043478,5738.958333333333,5637.36,5684.076923076923,5717.333333333333,5830.714285714285,5892.793103448276,5755.7,5603.935483870968,5650.8125,5761.121212121212,5834.294117647059,5809.714285714285,5918.25,5814.648648648648,5722.789473684211,5709.153846153846,5742.55,5770.682926829269,5810.285714285715,5844.139534883721,5773.340909090909,5712.377777777778,5738.086956521739,5827.95744680851,5765.8125,5783.775510204082,5818.22,5891.21568627451,5913.211538461538,5988.33962264151,5942.888888888889,5954.381818181818,5943.482142857143,5947.684210526316,5952.5344827586205,5894.677966101695,5854.083333333333,5904.672131147541,5839.790322580645,5839.190476190476,5829.390625,5838.153846153846,5848.136363636364,5799.492537313433,5830.5,5871.478260869565,5861.042857142857,5792.605633802817,5758.875,5721.493150684932,5701.2027027027025,5666.746666666667,5663.381578947368,5648.220779220779,5695.75641025641,5663.278481012659,5703.6125,5746.641975308642,5746.0609756097565,5701.108433734939,5726.5952380952385,5770.341176470588,5801.453488372093,5837.114942528736,5839.659090909091,5845.258426966292,5848.444444444444,5848.725274725275,5892.880434782609,5909.354838709677,5899.265957446809,5876.978947368421,5907.802083333333,5887.8247422680415,5909.377551020408,5900.606060606061,,
99,99,3014,6231.0,4594.0,5580.75,6010.0,5480.5,6072.0,6541.875,5934.111111111111,5480.7,5323.727272727273,5517.5,5600.538461538462,5481.428571428572,5351.0,5399.4375,5646.882352941177,5414.888888888889,5204.578947368421,5409.05,5517.952380952381,5493.318181818182,5433.869565217391,5505.833333333333,5629.96,5536.461538461538,5585.185185185185,5620.785714285715,5733.586206896552,5796.833333333333,5667.258064516129,5523.0,5570.909090909091,5680.323529411765,5753.714285714285,5732.055555555556,5839.756756756757,5740.9473684210525,5653.333333333333,5641.775,5676.0,5705.047619047619,5745.2558139534885,5779.818181818182,5712.022222222222,5653.717391304348,5680.127659574468,5769.333333333333,5709.65306122449,5728.38,5763.235294117647,5835.884615384615,5858.509433962264,5933.259259259259,5889.636363636364,5901.875,5892.087719298245,5897.103448275862,5902.728813559322,5846.666666666667,5807.524590163935,5858.048387096775,5794.936507936508,5795.046875,5786.076923076923,5795.363636363636,5805.835820895522,5758.529411764706,5789.68115942029,5830.657142857143,5820.943661971831,5754.013888888889,5721.273972602739,5684.905405405405,5665.373333333333,5631.8421052631575,5628.974025974026,5614.448717948718,5661.810126582279,5630.1625,5670.407407407408,5713.317073170731,5713.144578313253,5669.119047619048,5694.682352941177,5738.290697674419,5769.413793103448,5805.034090909091,5807.91011235955,5813.8,5817.2967032967035,5817.913043478261,5861.924731182796,5878.553191489362,5868.894736842105,5847.15625,5877.969072164949,5858.5,5880.131313131313,5871.74,
